tick,robot_id,neighbor_count,stopped,swarm_size
5,fb0,0,0,5
5,fb1,1,1,5
5,fb2,1,1,5
5,fb3,0,0,5
5,fb4,0,0,5
10,fb0,0,0,5
10,fb1,1,1,5
10,fb2,1,1,5
10,fb3,0,0,5
10,fb4,0,0,5
15,fb0,0,0,5
15,fb1,1,1,5
15,fb2,1,1,5
15,fb3,0,0,5
15,fb4,0,0,5
20,fb0,0,0,5
20,fb1,1,1,5
20,fb2,1,1,5
20,fb3,0,0,5
20,fb4,0,0,5
25,fb0,0,0,5
25,fb1,1,1,5
25,fb2,1,1,5
25,fb3,0,0,5
25,fb4,0,0,5
30,fb0,0,0,5
30,fb1,1,1,5
30,fb2,1,1,5
30,fb3,0,0,5
30,fb4,0,0,5
35,fb0,0,0,5
35,fb1,1,1,5
35,fb2,1,1,5
35,fb3,0,0,5
35,fb4,0,0,5
40,fb0,0,0,5
40,fb1,1,1,5
40,fb2,1,1,5
40,fb3,0,0,5
40,fb4,0,0,5
45,fb0,0,0,5
45,fb1,1,1,5
45,fb2,1,1,5
45,fb3,0,0,5
45,fb4,0,0,5
50,fb0,0,0,5
50,fb1,1,1,5
50,fb2,1,1,5
50,fb3,0,0,5
50,fb4,0,0,5
55,fb0,0,0,5
55,fb1,1,1,5
55,fb2,1,1,5
55,fb3,0,0,5
55,fb4,0,0,5
60,fb0,0,0,5
60,fb1,1,1,5
60,fb2,1,1,5
60,fb3,0,0,5
60,fb4,0,0,5
65,fb0,0,0,5
65,fb1,1,1,5
65,fb2,1,1,5
65,fb3,0,0,5
65,fb4,0,0,5
70,fb0,0,0,5
70,fb1,1,1,5
70,fb2,1,1,5
70,fb3,0,0,5
70,fb4,0,0,5
75,fb0,0,0,5
75,fb1,1,1,5
75,fb2,1,1,5
75,fb3,0,0,5
75,fb4,0,0,5
80,fb0,0,0,5
80,fb1,1,1,5
80,fb2,1,1,5
80,fb3,0,0,5
80,fb4,0,0,5
85,fb0,0,0,5
85,fb1,1,1,5
85,fb2,1,1,5
85,fb3,0,0,5
85,fb4,0,0,5
90,fb0,0,0,5
90,fb1,1,1,5
90,fb2,1,1,5
90,fb3,0,0,5
90,fb4,0,0,5
95,fb0,0,0,5
95,fb1,1,1,5
95,fb2,1,1,5
95,fb3,0,0,5
95,fb4,0,0,5
100,fb0,0,0,5
100,fb1,1,1,5
100,fb2,1,1,5
100,fb3,0,0,5
100,fb4,0,0,5
105,fb0,0,0,5
105,fb1,1,1,5
105,fb2,1,1,5
105,fb3,0,0,5
105,fb4,0,0,5
110,fb0,0,0,5
110,fb1,1,1,5
110,fb2,1,1,5
110,fb3,0,0,5
110,fb4,0,0,5
115,fb0,0,0,5
115,fb1,1,1,5
115,fb2,1,1,5
115,fb3,0,0,5
115,fb4,0,0,5
120,fb0,0,0,5
120,fb1,1,1,5
120,fb2,1,1,5
120,fb3,0,0,5
120,fb4,0,0,5
125,fb0,0,0,5
125,fb1,1,1,5
125,fb2,1,1,5
125,fb3,0,0,5
125,fb4,0,0,5
130,fb0,0,0,5
130,fb1,1,1,5
130,fb2,1,1,5
130,fb3,0,0,5
130,fb4,0,0,5
135,fb0,0,0,5
135,fb1,1,1,5
135,fb2,1,1,5
135,fb3,0,0,5
135,fb4,0,0,5
140,fb0,0,0,5
140,fb1,1,1,5
140,fb2,1,1,5
140,fb3,0,0,5
140,fb4,0,0,5
145,fb0,0,0,5
145,fb1,1,1,5
145,fb2,1,1,5
145,fb3,0,0,5
145,fb4,0,0,5
150,fb0,0,0,5
150,fb1,1,1,5
150,fb2,1,1,5
150,fb3,0,0,5
150,fb4,0,0,5
155,fb0,0,0,5
155,fb1,1,0,5
155,fb2,1,0,5
155,fb3,0,0,5
155,fb4,0,0,5
160,fb0,0,0,5
160,fb1,1,1,5
160,fb2,1,1,5
160,fb3,0,0,5
160,fb4,0,0,5
165,fb0,0,0,5
165,fb1,1,1,5
165,fb2,1,1,5
165,fb3,0,0,5
165,fb4,0,0,5
170,fb0,0,0,5
170,fb1,1,1,5
170,fb2,1,1,5
170,fb3,0,0,5
170,fb4,0,0,5
175,fb0,0,0,5
175,fb1,1,1,5
175,fb2,1,1,5
175,fb3,0,0,5
175,fb4,0,0,5
180,fb0,0,0,5
180,fb1,1,1,5
180,fb2,1,1,5
180,fb3,0,0,5
180,fb4,0,0,5
185,fb0,0,0,5
185,fb1,1,1,5
185,fb2,1,1,5
185,fb3,0,0,5
185,fb4,0,0,5
190,fb0,0,0,5
190,fb1,1,1,5
190,fb2,1,1,5
190,fb3,0,0,5
190,fb4,0,0,5
195,fb0,0,0,5
195,fb1,1,1,5
195,fb2,1,1,5
195,fb3,0,0,5
195,fb4,0,0,5
200,fb0,0,0,5
200,fb1,1,1,5
200,fb2,1,1,5
200,fb3,0,0,5
200,fb4,0,0,5
205,fb0,0,0,5
205,fb1,1,1,5
205,fb2,1,1,5
205,fb3,0,0,5
205,fb4,0,0,5
210,fb0,0,0,5
210,fb1,1,1,5
210,fb2,1,1,5
210,fb3,0,0,5
210,fb4,0,0,5
215,fb0,0,0,5
215,fb1,1,1,5
215,fb2,1,1,5
215,fb3,0,0,5
215,fb4,0,0,5
220,fb0,0,0,5
220,fb1,1,1,5
220,fb2,1,1,5
220,fb3,0,0,5
220,fb4,0,0,5
225,fb0,0,0,5
225,fb1,1,1,5
225,fb2,1,1,5
225,fb3,0,0,5
225,fb4,0,0,5
230,fb0,0,0,5
230,fb1,1,1,5
230,fb2,1,1,5
230,fb3,0,0,5
230,fb4,0,0,5
235,fb0,0,0,5
235,fb1,1,1,5
235,fb2,1,1,5
235,fb3,0,0,5
235,fb4,0,0,5
240,fb0,0,0,5
240,fb1,1,1,5
240,fb2,1,1,5
240,fb3,0,0,5
240,fb4,0,0,5
245,fb0,0,0,5
245,fb1,1,1,5
245,fb2,1,1,5
245,fb3,0,0,5
245,fb4,0,0,5
250,fb0,0,0,5
250,fb1,1,1,5
250,fb2,1,1,5
250,fb3,0,0,5
250,fb4,0,0,5
255,fb0,0,0,5
255,fb1,1,1,5
255,fb2,1,1,5
255,fb3,0,0,5
255,fb4,0,0,5
260,fb0,0,0,5
260,fb1,1,1,5
260,fb2,1,1,5
260,fb3,0,0,5
260,fb4,0,0,5
265,fb0,0,0,5
265,fb1,1,1,5
265,fb2,1,1,5
265,fb3,0,0,5
265,fb4,0,0,5
270,fb0,0,0,5
270,fb1,1,1,5
270,fb2,1,1,5
270,fb3,0,0,5
270,fb4,0,0,5
275,fb0,0,0,5
275,fb1,1,1,5
275,fb2,1,1,5
275,fb3,0,0,5
275,fb4,0,0,5
280,fb0,0,0,5
280,fb1,1,1,5
280,fb2,1,1,5
280,fb3,0,0,5
280,fb4,0,0,5
285,fb0,0,0,5
285,fb1,1,1,5
285,fb2,1,1,5
285,fb3,0,0,5
285,fb4,0,0,5
290,fb0,0,0,5
290,fb1,1,1,5
290,fb2,1,1,5
290,fb3,0,0,5
290,fb4,0,0,5
295,fb0,0,0,5
295,fb1,1,1,5
295,fb2,1,1,5
295,fb3,0,0,5
295,fb4,0,0,5
300,fb0,0,0,5
300,fb1,1,1,5
300,fb2,1,1,5
300,fb3,0,0,5
300,fb4,0,0,5
305,fb0,0,0,5
305,fb1,1,1,5
305,fb2,1,1,5
305,fb3,0,0,5
305,fb4,0,0,5
310,fb0,0,0,5
310,fb1,1,0,5
310,fb2,1,0,5
310,fb3,0,0,5
310,fb4,0,0,5
315,fb0,0,0,5
315,fb1,1,1,5
315,fb2,1,1,5
315,fb3,0,0,5
315,fb4,0,0,5
320,fb0,0,0,5
320,fb1,1,1,5
320,fb2,1,1,5
320,fb3,0,0,5
320,fb4,0,0,5
325,fb0,0,0,5
325,fb1,1,1,5
325,fb2,1,1,5
325,fb3,0,0,5
325,fb4,0,0,5
330,fb0,0,0,5
330,fb1,1,1,5
330,fb2,1,1,5
330,fb3,0,0,5
330,fb4,0,0,5
335,fb0,0,0,5
335,fb1,1,1,5
335,fb2,1,1,5
335,fb3,0,0,5
335,fb4,0,0,5
340,fb0,0,0,5
340,fb1,1,1,5
340,fb2,1,1,5
340,fb3,0,0,5
340,fb4,0,0,5
345,fb0,0,0,5
345,fb1,1,1,5
345,fb2,1,1,5
345,fb3,0,0,5
345,fb4,0,0,5
350,fb0,0,0,5
350,fb1,1,1,5
350,fb2,1,1,5
350,fb3,0,0,5
350,fb4,0,0,5
355,fb0,0,0,5
355,fb1,1,1,5
355,fb2,1,1,5
355,fb3,0,0,5
355,fb4,0,0,5
360,fb0,0,0,5
360,fb1,1,1,5
360,fb2,1,1,5
360,fb3,0,0,5
360,fb4,0,0,5
365,fb0,0,0,5
365,fb1,1,1,5
365,fb2,1,1,5
365,fb3,0,0,5
365,fb4,0,0,5
370,fb0,0,0,5
370,fb1,1,1,5
370,fb2,1,1,5
370,fb3,0,0,5
370,fb4,0,0,5
375,fb0,0,0,5
375,fb1,1,1,5
375,fb2,1,1,5
375,fb3,0,0,5
375,fb4,0,0,5
380,fb0,0,0,5
380,fb1,1,1,5
380,fb2,1,1,5
380,fb3,0,0,5
380,fb4,0,0,5
385,fb0,0,0,5
385,fb1,1,1,5
385,fb2,1,1,5
385,fb3,0,0,5
385,fb4,0,0,5
390,fb0,0,0,5
390,fb1,1,1,5
390,fb2,1,1,5
390,fb3,0,0,5
390,fb4,0,0,5
395,fb0,0,0,5
395,fb1,1,1,5
395,fb2,1,1,5
395,fb3,0,0,5
395,fb4,0,0,5
400,fb0,0,0,5
400,fb1,1,1,5
400,fb2,1,1,5
400,fb3,0,0,5
400,fb4,0,0,5
405,fb0,0,0,5
405,fb1,1,1,5
405,fb2,1,1,5
405,fb3,0,0,5
405,fb4,0,0,5
410,fb0,0,0,5
410,fb1,1,1,5
410,fb2,1,1,5
410,fb3,0,0,5
410,fb4,0,0,5
415,fb0,0,0,5
415,fb1,1,1,5
415,fb2,1,1,5
415,fb3,0,0,5
415,fb4,0,0,5
420,fb0,0,0,5
420,fb1,1,1,5
420,fb2,1,1,5
420,fb3,0,0,5
420,fb4,0,0,5
425,fb0,0,0,5
425,fb1,1,1,5
425,fb2,1,1,5
425,fb3,0,0,5
425,fb4,0,0,5
430,fb0,0,0,5
430,fb1,1,1,5
430,fb2,1,1,5
430,fb3,0,0,5
430,fb4,0,0,5
435,fb0,0,0,5
435,fb1,1,1,5
435,fb2,1,1,5
435,fb3,0,0,5
435,fb4,0,0,5
440,fb0,0,0,5
440,fb1,1,1,5
440,fb2,1,1,5
440,fb3,0,0,5
440,fb4,0,0,5
445,fb0,0,0,5
445,fb1,1,1,5
445,fb2,1,1,5
445,fb3,0,0,5
445,fb4,0,0,5
450,fb0,0,0,5
450,fb1,1,1,5
450,fb2,1,1,5
450,fb3,0,0,5
450,fb4,0,0,5
455,fb0,0,0,5
455,fb1,1,1,5
455,fb2,1,1,5
455,fb3,0,0,5
455,fb4,0,0,5
460,fb0,0,0,5
460,fb1,1,1,5
460,fb2,1,1,5
460,fb3,0,0,5
460,fb4,0,0,5
465,fb0,0,0,5
465,fb1,1,0,5
465,fb2,1,0,5
465,fb3,0,0,5
465,fb4,0,0,5
470,fb0,0,0,5
470,fb1,1,1,5
470,fb2,1,1,5
470,fb3,0,0,5
470,fb4,0,0,5
475,fb0,0,0,5
475,fb1,1,1,5
475,fb2,1,1,5
475,fb3,0,0,5
475,fb4,0,0,5
480,fb0,0,0,5
480,fb1,1,1,5
480,fb2,1,1,5
480,fb3,0,0,5
480,fb4,0,0,5
485,fb0,0,0,5
485,fb1,1,1,5
485,fb2,1,1,5
485,fb3,0,0,5
485,fb4,0,0,5
490,fb0,0,0,5
490,fb1,1,1,5
490,fb2,1,1,5
490,fb3,0,0,5
490,fb4,0,0,5
495,fb0,0,0,5
495,fb1,1,1,5
495,fb2,1,1,5
495,fb3,0,0,5
495,fb4,0,0,5
500,fb0,0,0,5
500,fb1,1,1,5
500,fb2,1,1,5
500,fb3,0,0,5
500,fb4,0,0,5
505,fb0,0,0,5
505,fb1,1,1,5
505,fb2,1,1,5
505,fb3,0,0,5
505,fb4,0,0,5
510,fb0,0,0,5
510,fb1,1,1,5
510,fb2,1,1,5
510,fb3,0,0,5
510,fb4,0,0,5
515,fb0,0,0,5
515,fb1,1,1,5
515,fb2,1,1,5
515,fb3,0,0,5
515,fb4,0,0,5
520,fb0,0,0,5
520,fb1,1,1,5
520,fb2,1,1,5
520,fb3,0,0,5
520,fb4,0,0,5
525,fb0,0,0,5
525,fb1,1,1,5
525,fb2,1,1,5
525,fb3,0,0,5
525,fb4,0,0,5
530,fb0,0,0,5
530,fb1,1,1,5
530,fb2,1,1,5
530,fb3,0,0,5
530,fb4,0,0,5
535,fb0,0,0,5
535,fb1,1,1,5
535,fb2,1,1,5
535,fb3,0,0,5
535,fb4,0,0,5
540,fb0,0,0,5
540,fb1,1,1,5
540,fb2,1,1,5
540,fb3,0,0,5
540,fb4,0,0,5
545,fb0,0,0,5
545,fb1,1,1,5
545,fb2,1,1,5
545,fb3,0,0,5
545,fb4,0,0,5
550,fb0,0,0,5
550,fb1,1,1,5
550,fb2,1,1,5
550,fb3,0,0,5
550,fb4,0,0,5
555,fb0,0,0,5
555,fb1,1,1,5
555,fb2,1,1,5
555,fb3,0,0,5
555,fb4,0,0,5
560,fb0,0,0,5
560,fb1,1,1,5
560,fb2,1,1,5
560,fb3,0,0,5
560,fb4,0,0,5
565,fb0,0,0,5
565,fb1,1,1,5
565,fb2,1,1,5
565,fb3,0,0,5
565,fb4,0,0,5
570,fb0,0,0,5
570,fb1,1,1,5
570,fb2,1,1,5
570,fb3,0,0,5
570,fb4,0,0,5
575,fb0,0,0,5
575,fb1,1,1,5
575,fb2,1,1,5
575,fb3,0,0,5
575,fb4,0,0,5
580,fb0,0,0,5
580,fb1,1,1,5
580,fb2,1,1,5
580,fb3,0,0,5
580,fb4,0,0,5
585,fb0,0,0,5
585,fb1,1,1,5
585,fb2,1,1,5
585,fb3,0,0,5
585,fb4,0,0,5
590,fb0,0,0,5
590,fb1,1,1,5
590,fb2,1,1,5
590,fb3,0,0,5
590,fb4,0,0,5
595,fb0,0,0,5
595,fb1,1,1,5
595,fb2,1,1,5
595,fb3,0,0,5
595,fb4,0,0,5
600,fb0,0,0,5
600,fb1,1,1,5
600,fb2,1,1,5
600,fb3,0,0,5
600,fb4,0,0,5
605,fb0,0,0,5
605,fb1,1,1,5
605,fb2,1,1,5
605,fb3,0,0,5
605,fb4,0,0,5
610,fb0,0,0,5
610,fb1,1,1,5
610,fb2,1,1,5
610,fb3,0,0,5
610,fb4,0,0,5
615,fb0,0,0,5
615,fb1,1,1,5
615,fb2,1,1,5
615,fb3,0,0,5
615,fb4,0,0,5
620,fb0,0,0,5
620,fb1,1,0,5
620,fb2,1,0,5
620,fb3,0,0,5
620,fb4,0,0,5
625,fb0,0,0,5
625,fb1,1,1,5
625,fb2,1,1,5
625,fb3,0,0,5
625,fb4,0,0,5
630,fb0,0,0,5
630,fb1,1,1,5
630,fb2,1,1,5
630,fb3,0,0,5
630,fb4,0,0,5
635,fb0,0,0,5
635,fb1,1,1,5
635,fb2,1,1,5
635,fb3,0,0,5
635,fb4,0,0,5
640,fb0,0,0,5
640,fb1,1,1,5
640,fb2,1,1,5
640,fb3,0,0,5
640,fb4,0,0,5
645,fb0,0,0,5
645,fb1,1,1,5
645,fb2,1,1,5
645,fb3,0,0,5
645,fb4,0,0,5
650,fb0,0,0,5
650,fb1,1,1,5
650,fb2,1,1,5
650,fb3,0,0,5
650,fb4,0,0,5
655,fb0,0,0,5
655,fb1,1,1,5
655,fb2,1,1,5
655,fb3,0,0,5
655,fb4,0,0,5
660,fb0,0,0,5
660,fb1,1,1,5
660,fb2,1,1,5
660,fb3,0,0,5
660,fb4,0,0,5
665,fb0,0,0,5
665,fb1,1,1,5
665,fb2,1,1,5
665,fb3,0,0,5
665,fb4,0,0,5
670,fb0,0,0,5
670,fb1,1,1,5
670,fb2,1,1,5
670,fb3,0,0,5
670,fb4,0,0,5
675,fb0,0,0,5
675,fb1,1,1,5
675,fb2,1,1,5
675,fb3,0,0,5
675,fb4,0,0,5
680,fb0,0,0,5
680,fb1,1,1,5
680,fb2,1,1,5
680,fb3,0,0,5
680,fb4,0,0,5
685,fb0,0,0,5
685,fb1,1,1,5
685,fb2,1,1,5
685,fb3,0,0,5
685,fb4,0,0,5
690,fb0,0,0,5
690,fb1,1,1,5
690,fb2,1,1,5
690,fb3,0,0,5
690,fb4,0,0,5
695,fb0,0,0,5
695,fb1,1,1,5
695,fb2,1,1,5
695,fb3,0,0,5
695,fb4,0,0,5
700,fb0,0,0,5
700,fb1,1,1,5
700,fb2,1,1,5
700,fb3,0,0,5
700,fb4,0,0,5
705,fb0,0,0,5
705,fb1,1,1,5
705,fb2,1,1,5
705,fb3,0,0,5
705,fb4,0,0,5
710,fb0,0,0,5
710,fb1,1,1,5
710,fb2,1,1,5
710,fb3,0,0,5
710,fb4,0,0,5
715,fb0,1,1,5
715,fb1,1,1,5
715,fb2,1,1,5
715,fb3,0,0,5
715,fb4,1,1,5
720,fb0,1,1,5
720,fb1,1,1,5
720,fb2,1,1,5
720,fb3,0,0,5
720,fb4,1,1,5
725,fb0,1,1,5
725,fb1,1,1,5
725,fb2,1,1,5
725,fb3,0,0,5
725,fb4,1,1,5
730,fb0,1,1,5
730,fb1,1,1,5
730,fb2,1,1,5
730,fb3,0,0,5
730,fb4,1,1,5
735,fb0,1,1,5
735,fb1,1,1,5
735,fb2,1,1,5
735,fb3,0,0,5
735,fb4,1,1,5
740,fb0,1,1,5
740,fb1,1,1,5
740,fb2,1,1,5
740,fb3,0,0,5
740,fb4,1,1,5
745,fb0,1,1,5
745,fb1,1,1,5
745,fb2,1,1,5
745,fb3,0,0,5
745,fb4,1,1,5
750,fb0,1,1,5
750,fb1,1,1,5
750,fb2,1,1,5
750,fb3,0,0,5
750,fb4,1,1,5
755,fb0,1,1,5
755,fb1,1,1,5
755,fb2,1,1,5
755,fb3,0,0,5
755,fb4,1,1,5
760,fb0,1,1,5
760,fb1,1,1,5
760,fb2,1,1,5
760,fb3,0,0,5
760,fb4,1,1,5
765,fb0,1,1,5
765,fb1,1,1,5
765,fb2,1,1,5
765,fb3,0,0,5
765,fb4,1,1,5
770,fb0,1,1,5
770,fb1,1,1,5
770,fb2,1,1,5
770,fb3,0,0,5
770,fb4,1,1,5
775,fb0,1,1,5
775,fb1,1,0,5
775,fb2,1,0,5
775,fb3,0,0,5
775,fb4,1,1,5
780,fb0,1,1,5
780,fb1,1,1,5
780,fb2,1,1,5
780,fb3,0,0,5
780,fb4,1,1,5
785,fb0,1,1,5
785,fb1,1,1,5
785,fb2,1,1,5
785,fb3,0,0,5
785,fb4,1,1,5
790,fb0,1,1,5
790,fb1,1,1,5
790,fb2,1,1,5
790,fb3,0,0,5
790,fb4,1,1,5
795,fb0,1,1,5
795,fb1,1,1,5
795,fb2,1,1,5
795,fb3,0,0,5
795,fb4,1,1,5
800,fb0,1,1,5
800,fb1,1,1,5
800,fb2,1,1,5
800,fb3,0,0,5
800,fb4,1,1,5
805,fb0,1,1,5
805,fb1,1,1,5
805,fb2,1,1,5
805,fb3,0,0,5
805,fb4,1,1,5
810,fb0,1,1,5
810,fb1,1,1,5
810,fb2,1,1,5
810,fb3,0,0,5
810,fb4,1,1,5
815,fb0,1,1,5
815,fb1,1,1,5
815,fb2,1,1,5
815,fb3,0,0,5
815,fb4,1,1,5
820,fb0,1,1,5
820,fb1,1,1,5
820,fb2,1,1,5
820,fb3,0,0,5
820,fb4,1,1,5
825,fb0,1,1,5
825,fb1,1,1,5
825,fb2,1,1,5
825,fb3,0,0,5
825,fb4,1,1,5
830,fb0,1,1,5
830,fb1,1,1,5
830,fb2,1,1,5
830,fb3,0,0,5
830,fb4,1,1,5
835,fb0,1,0,5
835,fb1,1,1,5
835,fb2,1,1,5
835,fb3,0,0,5
835,fb4,1,0,5
840,fb0,1,1,5
840,fb1,1,1,5
840,fb2,1,1,5
840,fb3,0,0,5
840,fb4,1,1,5
845,fb0,1,1,5
845,fb1,1,1,5
845,fb2,1,1,5
845,fb3,0,0,5
845,fb4,1,1,5
850,fb0,1,1,5
850,fb1,1,1,5
850,fb2,1,1,5
850,fb3,0,0,5
850,fb4,1,1,5
855,fb0,1,1,5
855,fb1,1,1,5
855,fb2,1,1,5
855,fb3,0,0,5
855,fb4,1,1,5
860,fb0,1,1,5
860,fb1,1,1,5
860,fb2,1,1,5
860,fb3,0,0,5
860,fb4,1,1,5
865,fb0,1,1,5
865,fb1,1,1,5
865,fb2,1,1,5
865,fb3,0,0,5
865,fb4,1,1,5
870,fb0,1,1,5
870,fb1,1,1,5
870,fb2,1,1,5
870,fb3,0,0,5
870,fb4,1,1,5
875,fb0,1,1,5
875,fb1,1,1,5
875,fb2,1,1,5
875,fb3,0,0,5
875,fb4,1,1,5
880,fb0,1,1,5
880,fb1,1,1,5
880,fb2,1,1,5
880,fb3,0,0,5
880,fb4,1,1,5
885,fb0,1,1,5
885,fb1,1,1,5
885,fb2,1,1,5
885,fb3,0,0,5
885,fb4,1,1,5
890,fb0,1,1,5
890,fb1,1,1,5
890,fb2,1,1,5
890,fb3,0,0,5
890,fb4,1,1,5
895,fb0,1,1,5
895,fb1,1,1,5
895,fb2,1,1,5
895,fb3,0,0,5
895,fb4,1,1,5
900,fb0,1,1,5
900,fb1,1,1,5
900,fb2,1,1,5
900,fb3,0,0,5
900,fb4,1,1,5
905,fb0,1,1,5
905,fb1,1,1,5
905,fb2,1,1,5
905,fb3,0,0,5
905,fb4,1,1,5
910,fb0,1,1,5
910,fb1,1,1,5
910,fb2,1,1,5
910,fb3,0,0,5
910,fb4,1,1,5
915,fb0,1,1,5
915,fb1,1,1,5
915,fb2,1,1,5
915,fb3,0,0,5
915,fb4,1,1,5
920,fb0,1,1,5
920,fb1,1,1,5
920,fb2,1,1,5
920,fb3,0,0,5
920,fb4,1,1,5
925,fb0,1,1,5
925,fb1,1,1,5
925,fb2,1,1,5
925,fb3,0,0,5
925,fb4,1,1,5
930,fb0,1,1,5
930,fb1,1,0,5
930,fb2,1,0,5
930,fb3,0,0,5
930,fb4,1,1,5
935,fb0,1,1,5
935,fb1,1,1,5
935,fb2,1,1,5
935,fb3,0,0,5
935,fb4,1,1,5
940,fb0,1,1,5
940,fb1,1,1,5
940,fb2,1,1,5
940,fb3,0,0,5
940,fb4,1,1,5
945,fb0,1,1,5
945,fb1,1,1,5
945,fb2,1,1,5
945,fb3,0,0,5
945,fb4,1,1,5
950,fb0,1,1,5
950,fb1,1,1,5
950,fb2,1,1,5
950,fb3,0,0,5
950,fb4,1,1,5
955,fb0,1,1,5
955,fb1,1,1,5
955,fb2,1,1,5
955,fb3,0,0,5
955,fb4,1,1,5
960,fb0,1,1,5
960,fb1,1,1,5
960,fb2,1,1,5
960,fb3,0,0,5
960,fb4,1,1,5
965,fb0,1,1,5
965,fb1,1,1,5
965,fb2,1,1,5
965,fb3,0,0,5
965,fb4,1,1,5
970,fb0,1,1,5
970,fb1,1,1,5
970,fb2,1,1,5
970,fb3,0,0,5
970,fb4,1,1,5
975,fb0,1,1,5
975,fb1,1,1,5
975,fb2,1,1,5
975,fb3,0,0,5
975,fb4,1,1,5
980,fb0,1,1,5
980,fb1,1,1,5
980,fb2,1,1,5
980,fb3,0,0,5
980,fb4,1,1,5
985,fb0,1,1,5
985,fb1,1,1,5
985,fb2,1,1,5
985,fb3,0,0,5
985,fb4,1,1,5
990,fb0,1,0,5
990,fb1,1,1,5
990,fb2,1,1,5
990,fb3,0,0,5
990,fb4,1,0,5
995,fb0,1,1,5
995,fb1,1,1,5
995,fb2,1,1,5
995,fb3,0,0,5
995,fb4,1,1,5
1000,fb0,1,1,5
1000,fb1,1,1,5
1000,fb2,1,1,5
1000,fb3,0,0,5
1000,fb4,1,1,5
1005,fb0,1,1,5
1005,fb1,1,1,5
1005,fb2,1,1,5
1005,fb3,0,0,5
1005,fb4,1,1,5
1010,fb0,1,1,5
1010,fb1,1,1,5
1010,fb2,1,1,5
1010,fb3,0,0,5
1010,fb4,1,1,5
1015,fb0,1,1,5
1015,fb1,1,1,5
1015,fb2,1,1,5
1015,fb3,0,0,5
1015,fb4,1,1,5
1020,fb0,1,1,5
1020,fb1,1,1,5
1020,fb2,1,1,5
1020,fb3,0,0,5
1020,fb4,1,1,5
1025,fb0,1,1,5
1025,fb1,1,1,5
1025,fb2,1,1,5
1025,fb3,0,0,5
1025,fb4,1,1,5
1030,fb0,1,1,5
1030,fb1,1,1,5
1030,fb2,1,1,5
1030,fb3,0,0,5
1030,fb4,1,1,5
1035,fb0,1,1,5
1035,fb1,1,1,5
1035,fb2,1,1,5
1035,fb3,0,0,5
1035,fb4,1,1,5
1040,fb0,1,1,5
1040,fb1,1,1,5
1040,fb2,1,1,5
1040,fb3,0,0,5
1040,fb4,1,1,5
1045,fb0,1,1,5
1045,fb1,1,1,5
1045,fb2,1,1,5
1045,fb3,0,0,5
1045,fb4,1,1,5
1050,fb0,1,1,5
1050,fb1,1,1,5
1050,fb2,1,1,5
1050,fb3,0,0,5
1050,fb4,1,1,5
1055,fb0,1,1,5
1055,fb1,1,1,5
1055,fb2,1,1,5
1055,fb3,0,0,5
1055,fb4,1,1,5
1060,fb0,1,1,5
1060,fb1,1,1,5
1060,fb2,1,1,5
1060,fb3,0,0,5
1060,fb4,1,1,5
1065,fb0,1,1,5
1065,fb1,1,1,5
1065,fb2,1,1,5
1065,fb3,0,0,5
1065,fb4,1,1,5
1070,fb0,1,1,5
1070,fb1,1,1,5
1070,fb2,1,1,5
1070,fb3,0,0,5
1070,fb4,1,1,5
1075,fb0,1,1,5
1075,fb1,1,1,5
1075,fb2,1,1,5
1075,fb3,0,0,5
1075,fb4,1,1,5
1080,fb0,1,1,5
1080,fb1,1,1,5
1080,fb2,1,1,5
1080,fb3,0,0,5
1080,fb4,1,1,5
1085,fb0,1,1,5
1085,fb1,1,0,5
1085,fb2,1,0,5
1085,fb3,0,0,5
1085,fb4,1,1,5
1090,fb0,1,1,5
1090,fb1,1,1,5
1090,fb2,1,1,5
1090,fb3,0,0,5
1090,fb4,1,1,5
1095,fb0,1,1,5
1095,fb1,1,1,5
1095,fb2,1,1,5
1095,fb3,0,0,5
1095,fb4,1,1,5
1100,fb0,1,1,5
1100,fb1,1,1,5
1100,fb2,1,1,5
1100,fb3,0,0,5
1100,fb4,1,1,5
1105,fb0,1,1,5
1105,fb1,1,1,5
1105,fb2,1,1,5
1105,fb3,0,0,5
1105,fb4,1,1,5
1110,fb0,1,1,5
1110,fb1,1,1,5
1110,fb2,1,1,5
1110,fb3,0,0,5
1110,fb4,1,1,5
1115,fb0,1,1,5
1115,fb1,1,1,5
1115,fb2,1,1,5
1115,fb3,0,0,5
1115,fb4,1,1,5
1120,fb0,1,1,5
1120,fb1,1,1,5
1120,fb2,1,1,5
1120,fb3,0,0,5
1120,fb4,1,1,5
1125,fb0,1,1,5
1125,fb1,1,1,5
1125,fb2,1,1,5
1125,fb3,0,0,5
1125,fb4,1,1,5
1130,fb0,1,1,5
1130,fb1,1,1,5
1130,fb2,1,1,5
1130,fb3,0,0,5
1130,fb4,1,1,5
1135,fb0,1,1,5
1135,fb1,1,1,5
1135,fb2,1,1,5
1135,fb3,0,0,5
1135,fb4,1,1,5
1140,fb0,1,1,5
1140,fb1,1,1,5
1140,fb2,1,1,5
1140,fb3,0,0,5
1140,fb4,1,1,5
1145,fb0,1,0,5
1145,fb1,1,1,5
1145,fb2,1,1,5
1145,fb3,0,0,5
1145,fb4,1,0,5
1150,fb0,1,1,5
1150,fb1,1,1,5
1150,fb2,1,1,5
1150,fb3,0,0,5
1150,fb4,1,1,5
1155,fb0,1,1,5
1155,fb1,1,1,5
1155,fb2,1,1,5
1155,fb3,0,0,5
1155,fb4,1,1,5
1160,fb0,1,1,5
1160,fb1,1,1,5
1160,fb2,1,1,5
1160,fb3,0,0,5
1160,fb4,1,1,5
1165,fb0,1,1,5
1165,fb1,1,1,5
1165,fb2,1,1,5
1165,fb3,0,0,5
1165,fb4,1,1,5
1170,fb0,1,1,5
1170,fb1,1,1,5
1170,fb2,1,1,5
1170,fb3,0,0,5
1170,fb4,1,1,5
1175,fb0,1,1,5
1175,fb1,1,1,5
1175,fb2,1,1,5
1175,fb3,0,0,5
1175,fb4,1,1,5
1180,fb0,1,1,5
1180,fb1,1,1,5
1180,fb2,1,1,5
1180,fb3,0,0,5
1180,fb4,1,1,5
1185,fb0,1,1,5
1185,fb1,1,1,5
1185,fb2,1,1,5
1185,fb3,0,0,5
1185,fb4,1,1,5
1190,fb0,1,1,5
1190,fb1,1,1,5
1190,fb2,1,1,5
1190,fb3,0,0,5
1190,fb4,1,1,5
1195,fb0,1,1,5
1195,fb1,1,1,5
1195,fb2,1,1,5
1195,fb3,0,0,5
1195,fb4,1,1,5
1200,fb0,1,1,5
1200,fb1,1,1,5
1200,fb2,1,1,5
1200,fb3,0,0,5
1200,fb4,1,1,5
1205,fb0,1,1,5
1205,fb1,1,1,5
1205,fb2,1,1,5
1205,fb3,0,0,5
1205,fb4,1,1,5
1210,fb0,1,1,5
1210,fb1,1,1,5
1210,fb2,1,1,5
1210,fb3,0,0,5
1210,fb4,1,1,5
1215,fb0,1,1,5
1215,fb1,1,1,5
1215,fb2,1,1,5
1215,fb3,0,0,5
1215,fb4,1,1,5
1220,fb0,1,1,5
1220,fb1,1,1,5
1220,fb2,1,1,5
1220,fb3,0,0,5
1220,fb4,1,1,5
1225,fb0,1,1,5
1225,fb1,1,1,5
1225,fb2,1,1,5
1225,fb3,0,0,5
1225,fb4,1,1,5
1230,fb0,1,1,5
1230,fb1,1,1,5
1230,fb2,1,1,5
1230,fb3,0,0,5
1230,fb4,1,1,5
1235,fb0,1,1,5
1235,fb1,1,1,5
1235,fb2,1,1,5
1235,fb3,0,0,5
1235,fb4,1,1,5
1240,fb0,1,1,5
1240,fb1,1,0,5
1240,fb2,1,0,5
1240,fb3,0,0,5
1240,fb4,1,1,5
1245,fb0,1,1,5
1245,fb1,1,1,5
1245,fb2,1,1,5
1245,fb3,0,0,5
1245,fb4,1,1,5
1250,fb0,1,1,5
1250,fb1,1,1,5
1250,fb2,1,1,5
1250,fb3,0,0,5
1250,fb4,1,1,5
1255,fb0,1,1,5
1255,fb1,1,1,5
1255,fb2,1,1,5
1255,fb3,0,0,5
1255,fb4,1,1,5
1260,fb0,1,1,5
1260,fb1,1,1,5
1260,fb2,1,1,5
1260,fb3,0,0,5
1260,fb4,1,1,5
1265,fb0,1,1,5
1265,fb1,1,1,5
1265,fb2,1,1,5
1265,fb3,0,0,5
1265,fb4,1,1,5
1270,fb0,1,1,5
1270,fb1,1,1,5
1270,fb2,1,1,5
1270,fb3,0,0,5
1270,fb4,1,1,5
1275,fb0,1,1,5
1275,fb1,1,1,5
1275,fb2,1,1,5
1275,fb3,0,0,5
1275,fb4,1,1,5
1280,fb0,1,1,5
1280,fb1,1,1,5
1280,fb2,1,1,5
1280,fb3,0,0,5
1280,fb4,1,1,5
1285,fb0,1,1,5
1285,fb1,1,1,5
1285,fb2,1,1,5
1285,fb3,0,0,5
1285,fb4,1,1,5
1290,fb0,1,1,5
1290,fb1,1,1,5
1290,fb2,1,1,5
1290,fb3,0,0,5
1290,fb4,1,1,5
1295,fb0,1,1,5
1295,fb1,1,1,5
1295,fb2,1,1,5
1295,fb3,0,0,5
1295,fb4,1,1,5
1300,fb0,1,0,5
1300,fb1,1,1,5
1300,fb2,1,1,5
1300,fb3,0,0,5
1300,fb4,1,0,5
1305,fb0,1,1,5
1305,fb1,1,1,5
1305,fb2,1,1,5
1305,fb3,0,0,5
1305,fb4,1,1,5
1310,fb0,1,1,5
1310,fb1,1,1,5
1310,fb2,1,1,5
1310,fb3,0,0,5
1310,fb4,1,1,5
1315,fb0,1,1,5
1315,fb1,1,1,5
1315,fb2,1,1,5
1315,fb3,0,0,5
1315,fb4,1,1,5
1320,fb0,1,1,5
1320,fb1,1,1,5
1320,fb2,1,1,5
1320,fb3,0,0,5
1320,fb4,1,1,5
1325,fb0,1,1,5
1325,fb1,1,1,5
1325,fb2,1,1,5
1325,fb3,0,0,5
1325,fb4,1,1,5
1330,fb0,1,1,5
1330,fb1,1,1,5
1330,fb2,1,1,5
1330,fb3,0,0,5
1330,fb4,1,1,5
1335,fb0,1,1,5
1335,fb1,1,1,5
1335,fb2,1,1,5
1335,fb3,0,0,5
1335,fb4,1,1,5
1340,fb0,1,1,5
1340,fb1,1,1,5
1340,fb2,1,1,5
1340,fb3,0,0,5
1340,fb4,1,1,5
1345,fb0,1,1,5
1345,fb1,1,1,5
1345,fb2,1,1,5
1345,fb3,0,0,5
1345,fb4,1,1,5
1350,fb0,1,1,5
1350,fb1,1,1,5
1350,fb2,1,1,5
1350,fb3,0,0,5
1350,fb4,1,1,5
1355,fb0,1,1,5
1355,fb1,1,1,5
1355,fb2,1,1,5
1355,fb3,0,0,5
1355,fb4,1,1,5
1360,fb0,1,1,5
1360,fb1,1,1,5
1360,fb2,1,1,5
1360,fb3,0,0,5
1360,fb4,1,1,5
1365,fb0,1,1,5
1365,fb1,1,1,5
1365,fb2,1,1,5
1365,fb3,0,0,5
1365,fb4,1,1,5
1370,fb0,1,1,5
1370,fb1,1,1,5
1370,fb2,1,1,5
1370,fb3,0,0,5
1370,fb4,1,1,5
1375,fb0,1,1,5
1375,fb1,1,1,5
1375,fb2,1,1,5
1375,fb3,0,0,5
1375,fb4,1,1,5
1380,fb0,1,1,5
1380,fb1,1,1,5
1380,fb2,1,1,5
1380,fb3,0,0,5
1380,fb4,1,1,5
1385,fb0,1,1,5
1385,fb1,1,1,5
1385,fb2,1,1,5
1385,fb3,0,0,5
1385,fb4,1,1,5
1390,fb0,1,1,5
1390,fb1,1,1,5
1390,fb2,1,1,5
1390,fb3,0,0,5
1390,fb4,1,1,5
1395,fb0,1,1,5
1395,fb1,1,0,5
1395,fb2,1,0,5
1395,fb3,0,0,5
1395,fb4,1,1,5
1400,fb0,1,1,5
1400,fb1,1,1,5
1400,fb2,1,1,5
1400,fb3,0,0,5
1400,fb4,1,1,5
1405,fb0,1,1,5
1405,fb1,1,1,5
1405,fb2,1,1,5
1405,fb3,0,0,5
1405,fb4,1,1,5
1410,fb0,1,1,5
1410,fb1,1,1,5
1410,fb2,1,1,5
1410,fb3,0,0,5
1410,fb4,1,1,5
1415,fb0,1,1,5
1415,fb1,1,1,5
1415,fb2,1,1,5
1415,fb3,0,0,5
1415,fb4,1,1,5
1420,fb0,1,1,5
1420,fb1,1,1,5
1420,fb2,1,1,5
1420,fb3,0,0,5
1420,fb4,1,1,5
1425,fb0,1,1,5
1425,fb1,1,1,5
1425,fb2,1,1,5
1425,fb3,0,0,5
1425,fb4,1,1,5
1430,fb0,1,1,5
1430,fb1,1,1,5
1430,fb2,1,1,5
1430,fb3,0,0,5
1430,fb4,1,1,5
1435,fb0,1,1,5
1435,fb1,1,1,5
1435,fb2,1,1,5
1435,fb3,0,0,5
1435,fb4,1,1,5
1440,fb0,1,1,5
1440,fb1,1,1,5
1440,fb2,1,1,5
1440,fb3,0,0,5
1440,fb4,1,1,5
1445,fb0,1,1,5
1445,fb1,1,1,5
1445,fb2,1,1,5
1445,fb3,0,0,5
1445,fb4,1,1,5
1450,fb0,1,1,5
1450,fb1,1,1,5
1450,fb2,1,1,5
1450,fb3,0,0,5
1450,fb4,1,1,5
1455,fb0,1,0,5
1455,fb1,1,1,5
1455,fb2,1,1,5
1455,fb3,0,0,5
1455,fb4,1,0,5
1460,fb0,1,1,5
1460,fb1,1,1,5
1460,fb2,1,1,5
1460,fb3,0,0,5
1460,fb4,1,1,5
1465,fb0,1,1,5
1465,fb1,1,1,5
1465,fb2,1,1,5
1465,fb3,0,0,5
1465,fb4,1,1,5
1470,fb0,1,1,5
1470,fb1,1,1,5
1470,fb2,1,1,5
1470,fb3,0,0,5
1470,fb4,1,1,5
1475,fb0,1,1,5
1475,fb1,1,1,5
1475,fb2,1,1,5
1475,fb3,0,0,5
1475,fb4,1,1,5
1480,fb0,1,1,5
1480,fb1,1,1,5
1480,fb2,1,1,5
1480,fb3,0,0,5
1480,fb4,1,1,5
1485,fb0,1,1,5
1485,fb1,1,1,5
1485,fb2,1,1,5
1485,fb3,0,0,5
1485,fb4,1,1,5
1490,fb0,1,1,5
1490,fb1,1,1,5
1490,fb2,1,1,5
1490,fb3,0,0,5
1490,fb4,1,1,5
1495,fb0,1,1,5
1495,fb1,1,1,5
1495,fb2,1,1,5
1495,fb3,0,0,5
1495,fb4,1,1,5
1500,fb0,1,1,5
1500,fb1,1,1,5
1500,fb2,1,1,5
1500,fb3,0,0,5
1500,fb4,1,1,5
1505,fb0,1,1,5
1505,fb1,1,1,5
1505,fb2,1,1,5
1505,fb3,0,0,5
1505,fb4,1,1,5
1510,fb0,1,1,5
1510,fb1,1,1,5
1510,fb2,1,1,5
1510,fb3,0,0,5
1510,fb4,1,1,5
1515,fb0,1,1,5
1515,fb1,1,1,5
1515,fb2,1,1,5
1515,fb3,0,0,5
1515,fb4,1,1,5
1520,fb0,1,1,5
1520,fb1,1,1,5
1520,fb2,1,1,5
1520,fb3,0,0,5
1520,fb4,1,1,5
1525,fb0,1,1,5
1525,fb1,1,1,5
1525,fb2,1,1,5
1525,fb3,0,0,5
1525,fb4,1,1,5
1530,fb0,1,1,5
1530,fb1,1,1,5
1530,fb2,1,1,5
1530,fb3,0,0,5
1530,fb4,1,1,5
1535,fb0,1,1,5
1535,fb1,1,1,5
1535,fb2,1,1,5
1535,fb3,0,0,5
1535,fb4,1,1,5
1540,fb0,1,1,5
1540,fb1,1,1,5
1540,fb2,1,1,5
1540,fb3,0,0,5
1540,fb4,1,1,5
1545,fb0,1,1,5
1545,fb1,1,1,5
1545,fb2,1,1,5
1545,fb3,0,0,5
1545,fb4,1,1,5
1550,fb0,1,1,5
1550,fb1,1,0,5
1550,fb2,1,0,5
1550,fb3,0,0,5
1550,fb4,1,1,5
1555,fb0,1,1,5
1555,fb1,1,1,5
1555,fb2,1,1,5
1555,fb3,0,0,5
1555,fb4,1,1,5
1560,fb0,1,1,5
1560,fb1,1,1,5
1560,fb2,1,1,5
1560,fb3,0,0,5
1560,fb4,1,1,5
1565,fb0,1,1,5
1565,fb1,1,1,5
1565,fb2,1,1,5
1565,fb3,0,0,5
1565,fb4,1,1,5
1570,fb0,1,1,5
1570,fb1,1,1,5
1570,fb2,1,1,5
1570,fb3,0,0,5
1570,fb4,1,1,5
1575,fb0,1,1,5
1575,fb1,1,1,5
1575,fb2,1,1,5
1575,fb3,0,0,5
1575,fb4,1,1,5
1580,fb0,1,1,5
1580,fb1,1,1,5
1580,fb2,1,1,5
1580,fb3,0,0,5
1580,fb4,1,1,5
1585,fb0,1,1,5
1585,fb1,1,1,5
1585,fb2,1,1,5
1585,fb3,0,0,5
1585,fb4,1,1,5
1590,fb0,1,1,5
1590,fb1,1,1,5
1590,fb2,1,1,5
1590,fb3,0,0,5
1590,fb4,1,1,5
1595,fb0,1,1,5
1595,fb1,1,1,5
1595,fb2,1,1,5
1595,fb3,0,0,5
1595,fb4,1,1,5
1600,fb0,1,1,5
1600,fb1,1,1,5
1600,fb2,1,1,5
1600,fb3,0,0,5
1600,fb4,1,1,5
1605,fb0,1,1,5
1605,fb1,1,1,5
1605,fb2,1,1,5
1605,fb3,0,0,5
1605,fb4,1,1,5
1610,fb0,1,0,5
1610,fb1,1,1,5
1610,fb2,1,1,5
1610,fb3,0,0,5
1610,fb4,1,0,5
1615,fb0,1,1,5
1615,fb1,1,1,5
1615,fb2,1,1,5
1615,fb3,0,0,5
1615,fb4,1,1,5
1620,fb0,1,1,5
1620,fb1,1,1,5
1620,fb2,1,1,5
1620,fb3,0,0,5
1620,fb4,1,1,5
1625,fb0,1,1,5
1625,fb1,1,1,5
1625,fb2,1,1,5
1625,fb3,0,0,5
1625,fb4,1,1,5
1630,fb0,1,1,5
1630,fb1,1,1,5
1630,fb2,1,1,5
1630,fb3,0,0,5
1630,fb4,1,1,5
1635,fb0,1,1,5
1635,fb1,1,1,5
1635,fb2,1,1,5
1635,fb3,0,0,5
1635,fb4,1,1,5
1640,fb0,1,1,5
1640,fb1,1,1,5
1640,fb2,1,1,5
1640,fb3,0,0,5
1640,fb4,1,1,5
1645,fb0,1,1,5
1645,fb1,1,1,5
1645,fb2,1,1,5
1645,fb3,0,0,5
1645,fb4,1,1,5
1650,fb0,1,1,5
1650,fb1,1,1,5
1650,fb2,1,1,5
1650,fb3,0,0,5
1650,fb4,1,1,5
1655,fb0,1,1,5
1655,fb1,1,1,5
1655,fb2,1,1,5
1655,fb3,0,0,5
1655,fb4,1,1,5
1660,fb0,1,1,5
1660,fb1,1,1,5
1660,fb2,1,1,5
1660,fb3,0,0,5
1660,fb4,1,1,5
1665,fb0,1,1,5
1665,fb1,1,1,5
1665,fb2,1,1,5
1665,fb3,0,0,5
1665,fb4,1,1,5
1670,fb0,1,1,5
1670,fb1,1,1,5
1670,fb2,1,1,5
1670,fb3,0,0,5
1670,fb4,1,1,5
1675,fb0,1,1,5
1675,fb1,1,1,5
1675,fb2,1,1,5
1675,fb3,0,0,5
1675,fb4,1,1,5
1680,fb0,1,1,5
1680,fb1,1,1,5
1680,fb2,1,1,5
1680,fb3,0,0,5
1680,fb4,1,1,5
1685,fb0,1,1,5
1685,fb1,1,1,5
1685,fb2,1,1,5
1685,fb3,0,0,5
1685,fb4,1,1,5
1690,fb0,1,1,5
1690,fb1,1,1,5
1690,fb2,1,1,5
1690,fb3,0,0,5
1690,fb4,1,1,5
1695,fb0,1,1,5
1695,fb1,1,1,5
1695,fb2,1,1,5
1695,fb3,0,0,5
1695,fb4,1,1,5
1700,fb0,1,1,5
1700,fb1,1,1,5
1700,fb2,1,1,5
1700,fb3,0,0,5
1700,fb4,1,1,5
1705,fb0,1,1,5
1705,fb1,1,0,5
1705,fb2,1,0,5
1705,fb3,0,0,5
1705,fb4,1,1,5
1710,fb0,1,1,5
1710,fb1,1,1,5
1710,fb2,1,1,5
1710,fb3,0,0,5
1710,fb4,1,1,5
1715,fb0,1,1,5
1715,fb1,1,1,5
1715,fb2,1,1,5
1715,fb3,0,0,5
1715,fb4,1,1,5
1720,fb0,1,1,5
1720,fb1,1,1,5
1720,fb2,1,1,5
1720,fb3,0,0,5
1720,fb4,1,1,5
1725,fb0,1,1,5
1725,fb1,1,1,5
1725,fb2,1,1,5
1725,fb3,0,0,5
1725,fb4,1,1,5
1730,fb0,1,1,5
1730,fb1,1,1,5
1730,fb2,1,1,5
1730,fb3,0,0,5
1730,fb4,1,1,5
1735,fb0,1,1,5
1735,fb1,1,1,5
1735,fb2,1,1,5
1735,fb3,0,0,5
1735,fb4,1,1,5
1740,fb0,1,1,5
1740,fb1,1,1,5
1740,fb2,1,1,5
1740,fb3,0,0,5
1740,fb4,1,1,5
1745,fb0,1,1,5
1745,fb1,1,1,5
1745,fb2,1,1,5
1745,fb3,0,0,5
1745,fb4,1,1,5
1750,fb0,1,1,5
1750,fb1,1,1,5
1750,fb2,1,1,5
1750,fb3,0,0,5
1750,fb4,1,1,5
1755,fb0,1,1,5
1755,fb1,1,1,5
1755,fb2,1,1,5
1755,fb3,0,0,5
1755,fb4,1,1,5
1760,fb0,1,1,5
1760,fb1,1,1,5
1760,fb2,1,1,5
1760,fb3,0,0,5
1760,fb4,1,1,5
1765,fb0,1,0,5
1765,fb1,1,1,5
1765,fb2,1,1,5
1765,fb3,0,0,5
1765,fb4,1,0,5
1770,fb0,1,1,5
1770,fb1,1,1,5
1770,fb2,1,1,5
1770,fb3,0,0,5
1770,fb4,1,1,5
1775,fb0,1,1,5
1775,fb1,1,1,5
1775,fb2,1,1,5
1775,fb3,0,0,5
1775,fb4,1,1,5
1780,fb0,1,1,5
1780,fb1,1,1,5
1780,fb2,1,1,5
1780,fb3,0,0,5
1780,fb4,1,1,5
1785,fb0,1,1,5
1785,fb1,1,1,5
1785,fb2,1,1,5
1785,fb3,0,0,5
1785,fb4,1,1,5
1790,fb0,1,1,5
1790,fb1,1,1,5
1790,fb2,1,1,5
1790,fb3,0,0,5
1790,fb4,1,1,5
1795,fb0,1,1,5
1795,fb1,1,1,5
1795,fb2,1,1,5
1795,fb3,0,0,5
1795,fb4,1,1,5
1800,fb0,1,1,5
1800,fb1,1,1,5
1800,fb2,1,1,5
1800,fb3,0,0,5
1800,fb4,1,1,5
1805,fb0,1,1,5
1805,fb1,1,1,5
1805,fb2,1,1,5
1805,fb3,0,0,5
1805,fb4,1,1,5
1810,fb0,1,1,5
1810,fb1,1,1,5
1810,fb2,1,1,5
1810,fb3,0,0,5
1810,fb4,1,1,5
1815,fb0,1,1,5
1815,fb1,1,1,5
1815,fb2,1,1,5
1815,fb3,0,0,5
1815,fb4,1,1,5
1820,fb0,1,1,5
1820,fb1,1,1,5
1820,fb2,1,1,5
1820,fb3,0,0,5
1820,fb4,1,1,5
1825,fb0,1,1,5
1825,fb1,1,1,5
1825,fb2,1,1,5
1825,fb3,0,0,5
1825,fb4,1,1,5
1830,fb0,1,1,5
1830,fb1,1,1,5
1830,fb2,1,1,5
1830,fb3,0,0,5
1830,fb4,1,1,5
1835,fb0,1,1,5
1835,fb1,1,1,5
1835,fb2,1,1,5
1835,fb3,0,0,5
1835,fb4,1,1,5
1840,fb0,1,1,5
1840,fb1,1,1,5
1840,fb2,1,1,5
1840,fb3,0,0,5
1840,fb4,1,1,5
1845,fb0,1,1,5
1845,fb1,1,1,5
1845,fb2,1,1,5
1845,fb3,0,0,5
1845,fb4,1,1,5
1850,fb0,1,1,5
1850,fb1,1,1,5
1850,fb2,1,1,5
1850,fb3,0,0,5
1850,fb4,1,1,5
1855,fb0,1,1,5
1855,fb1,1,1,5
1855,fb2,1,1,5
1855,fb3,0,0,5
1855,fb4,1,1,5
1860,fb0,1,1,5
1860,fb1,1,0,5
1860,fb2,1,0,5
1860,fb3,0,0,5
1860,fb4,1,1,5
1865,fb0,1,1,5
1865,fb1,1,1,5
1865,fb2,1,1,5
1865,fb3,0,0,5
1865,fb4,1,1,5
1870,fb0,1,1,5
1870,fb1,1,1,5
1870,fb2,1,1,5
1870,fb3,0,0,5
1870,fb4,1,1,5
1875,fb0,1,1,5
1875,fb1,1,1,5
1875,fb2,1,1,5
1875,fb3,0,0,5
1875,fb4,1,1,5
1880,fb0,1,1,5
1880,fb1,1,1,5
1880,fb2,1,1,5
1880,fb3,0,0,5
1880,fb4,1,1,5
1885,fb0,1,1,5
1885,fb1,1,1,5
1885,fb2,1,1,5
1885,fb3,0,0,5
1885,fb4,1,1,5
1890,fb0,1,1,5
1890,fb1,1,1,5
1890,fb2,1,1,5
1890,fb3,0,0,5
1890,fb4,1,1,5
1895,fb0,1,1,5
1895,fb1,1,1,5
1895,fb2,1,1,5
1895,fb3,0,0,5
1895,fb4,1,1,5
1900,fb0,1,1,5
1900,fb1,1,1,5
1900,fb2,1,1,5
1900,fb3,0,0,5
1900,fb4,1,1,5
1905,fb0,1,1,5
1905,fb1,1,1,5
1905,fb2,1,1,5
1905,fb3,0,0,5
1905,fb4,1,1,5
1910,fb0,1,1,5
1910,fb1,1,1,5
1910,fb2,1,1,5
1910,fb3,0,0,5
1910,fb4,1,1,5
1915,fb0,1,1,5
1915,fb1,1,1,5
1915,fb2,1,1,5
1915,fb3,0,0,5
1915,fb4,1,1,5
1920,fb0,1,0,5
1920,fb1,1,1,5
1920,fb2,1,1,5
1920,fb3,0,0,5
1920,fb4,1,0,5
1925,fb0,1,1,5
1925,fb1,1,1,5
1925,fb2,1,1,5
1925,fb3,0,0,5
1925,fb4,1,1,5
1930,fb0,1,1,5
1930,fb1,1,1,5
1930,fb2,1,1,5
1930,fb3,0,0,5
1930,fb4,1,1,5
1935,fb0,1,1,5
1935,fb1,1,1,5
1935,fb2,1,1,5
1935,fb3,0,0,5
1935,fb4,1,1,5
1940,fb0,1,1,5
1940,fb1,1,1,5
1940,fb2,1,1,5
1940,fb3,0,0,5
1940,fb4,1,1,5
1945,fb0,1,1,5
1945,fb1,1,1,5
1945,fb2,1,1,5
1945,fb3,0,0,5
1945,fb4,1,1,5
1950,fb0,1,1,5
1950,fb1,1,1,5
1950,fb2,1,1,5
1950,fb3,0,0,5
1950,fb4,1,1,5
1955,fb0,1,1,5
1955,fb1,1,1,5
1955,fb2,1,1,5
1955,fb3,0,0,5
1955,fb4,1,1,5
1960,fb0,1,1,5
1960,fb1,1,1,5
1960,fb2,1,1,5
1960,fb3,0,0,5
1960,fb4,1,1,5
1965,fb0,1,1,5
1965,fb1,1,1,5
1965,fb2,1,1,5
1965,fb3,0,0,5
1965,fb4,1,1,5
1970,fb0,1,1,5
1970,fb1,1,1,5
1970,fb2,1,1,5
1970,fb3,0,0,5
1970,fb4,1,1,5
1975,fb0,1,1,5
1975,fb1,1,1,5
1975,fb2,1,1,5
1975,fb3,0,0,5
1975,fb4,1,1,5
1980,fb0,1,1,5
1980,fb1,1,1,5
1980,fb2,1,1,5
1980,fb3,0,0,5
1980,fb4,1,1,5
1985,fb0,1,1,5
1985,fb1,1,1,5
1985,fb2,1,1,5
1985,fb3,0,0,5
1985,fb4,1,1,5
1990,fb0,1,1,5
1990,fb1,1,1,5
1990,fb2,1,1,5
1990,fb3,0,0,5
1990,fb4,1,1,5
1995,fb0,1,1,5
1995,fb1,1,1,5
1995,fb2,1,1,5
1995,fb3,0,0,5
1995,fb4,1,1,5
2000,fb0,1,1,5
2000,fb1,1,1,5
2000,fb2,1,1,5
2000,fb3,0,0,5
2000,fb4,1,1,5
2005,fb0,1,1,5
2005,fb1,1,1,5
2005,fb2,1,1,5
2005,fb3,0,0,5
2005,fb4,1,1,5
2010,fb0,1,1,5
2010,fb1,1,1,5
2010,fb2,1,1,5
2010,fb3,0,0,5
2010,fb4,1,1,5
2015,fb0,1,1,5
2015,fb1,1,0,5
2015,fb2,1,0,5
2015,fb3,0,0,5
2015,fb4,1,1,5
2020,fb0,1,1,5
2020,fb1,1,1,5
2020,fb2,1,1,5
2020,fb3,0,0,5
2020,fb4,1,1,5
2025,fb0,1,1,5
2025,fb1,1,1,5
2025,fb2,1,1,5
2025,fb3,0,0,5
2025,fb4,1,1,5
2030,fb0,1,1,5
2030,fb1,1,1,5
2030,fb2,1,1,5
2030,fb3,0,0,5
2030,fb4,1,1,5
2035,fb0,1,1,5
2035,fb1,1,1,5
2035,fb2,1,1,5
2035,fb3,0,0,5
2035,fb4,1,1,5
2040,fb0,1,1,5
2040,fb1,1,1,5
2040,fb2,1,1,5
2040,fb3,0,0,5
2040,fb4,1,1,5
2045,fb0,1,1,5
2045,fb1,1,1,5
2045,fb2,1,1,5
2045,fb3,0,0,5
2045,fb4,1,1,5
2050,fb0,1,1,5
2050,fb1,1,1,5
2050,fb2,1,1,5
2050,fb3,0,0,5
2050,fb4,1,1,5
2055,fb0,1,1,5
2055,fb1,1,1,5
2055,fb2,1,1,5
2055,fb3,0,0,5
2055,fb4,1,1,5
2060,fb0,1,1,5
2060,fb1,1,1,5
2060,fb2,1,1,5
2060,fb3,0,0,5
2060,fb4,1,1,5
2065,fb0,1,1,5
2065,fb1,1,1,5
2065,fb2,1,1,5
2065,fb3,0,0,5
2065,fb4,1,1,5
2070,fb0,1,1,5
2070,fb1,1,1,5
2070,fb2,1,1,5
2070,fb3,0,0,5
2070,fb4,1,1,5
2075,fb0,1,0,5
2075,fb1,1,1,5
2075,fb2,1,1,5
2075,fb3,0,0,5
2075,fb4,1,0,5
2080,fb0,1,1,5
2080,fb1,1,1,5
2080,fb2,1,1,5
2080,fb3,0,0,5
2080,fb4,1,1,5
2085,fb0,1,1,5
2085,fb1,1,1,5
2085,fb2,1,1,5
2085,fb3,0,0,5
2085,fb4,1,1,5
2090,fb0,1,1,5
2090,fb1,1,1,5
2090,fb2,1,1,5
2090,fb3,0,0,5
2090,fb4,1,1,5
2095,fb0,1,1,5
2095,fb1,1,1,5
2095,fb2,1,1,5
2095,fb3,0,0,5
2095,fb4,1,1,5
2100,fb0,1,1,5
2100,fb1,1,1,5
2100,fb2,1,1,5
2100,fb3,0,0,5
2100,fb4,1,1,5
2105,fb0,1,1,5
2105,fb1,1,1,5
2105,fb2,1,1,5
2105,fb3,0,0,5
2105,fb4,1,1,5
2110,fb0,1,1,5
2110,fb1,1,1,5
2110,fb2,1,1,5
2110,fb3,0,0,5
2110,fb4,1,1,5
2115,fb0,1,1,5
2115,fb1,1,1,5
2115,fb2,1,1,5
2115,fb3,0,0,5
2115,fb4,1,1,5
2120,fb0,1,1,5
2120,fb1,1,1,5
2120,fb2,1,1,5
2120,fb3,0,0,5
2120,fb4,1,1,5
2125,fb0,1,1,5
2125,fb1,1,1,5
2125,fb2,1,1,5
2125,fb3,0,0,5
2125,fb4,1,1,5
2130,fb0,1,1,5
2130,fb1,1,1,5
2130,fb2,1,1,5
2130,fb3,0,0,5
2130,fb4,1,1,5
2135,fb0,1,1,5
2135,fb1,1,1,5
2135,fb2,1,1,5
2135,fb3,0,0,5
2135,fb4,1,1,5
2140,fb0,1,1,5
2140,fb1,1,1,5
2140,fb2,1,1,5
2140,fb3,0,0,5
2140,fb4,1,1,5
2145,fb0,1,1,5
2145,fb1,1,1,5
2145,fb2,1,1,5
2145,fb3,0,0,5
2145,fb4,1,1,5
2150,fb0,1,1,5
2150,fb1,1,1,5
2150,fb2,1,1,5
2150,fb3,0,0,5
2150,fb4,1,1,5
2155,fb0,1,1,5
2155,fb1,1,1,5
2155,fb2,1,1,5
2155,fb3,0,0,5
2155,fb4,1,1,5
2160,fb0,1,1,5
2160,fb1,1,1,5
2160,fb2,1,1,5
2160,fb3,0,0,5
2160,fb4,1,1,5
2165,fb0,1,1,5
2165,fb1,1,1,5
2165,fb2,1,1,5
2165,fb3,0,0,5
2165,fb4,1,1,5
2170,fb0,1,1,5
2170,fb1,1,0,5
2170,fb2,1,0,5
2170,fb3,0,0,5
2170,fb4,1,1,5
2175,fb0,1,1,5
2175,fb1,1,1,5
2175,fb2,1,1,5
2175,fb3,0,0,5
2175,fb4,1,1,5
2180,fb0,1,1,5
2180,fb1,1,1,5
2180,fb2,1,1,5
2180,fb3,0,0,5
2180,fb4,1,1,5
2185,fb0,1,1,5
2185,fb1,1,1,5
2185,fb2,1,1,5
2185,fb3,0,0,5
2185,fb4,1,1,5
2190,fb0,1,1,5
2190,fb1,1,1,5
2190,fb2,1,1,5
2190,fb3,0,0,5
2190,fb4,1,1,5
2195,fb0,1,1,5
2195,fb1,1,1,5
2195,fb2,1,1,5
2195,fb3,0,0,5
2195,fb4,1,1,5
2200,fb0,1,1,5
2200,fb1,1,1,5
2200,fb2,1,1,5
2200,fb3,0,0,5
2200,fb4,1,1,5
2205,fb0,1,1,5
2205,fb1,1,1,5
2205,fb2,1,1,5
2205,fb3,0,0,5
2205,fb4,1,1,5
2210,fb0,1,1,5
2210,fb1,1,1,5
2210,fb2,1,1,5
2210,fb3,0,0,5
2210,fb4,1,1,5
2215,fb0,1,1,5
2215,fb1,1,1,5
2215,fb2,1,1,5
2215,fb3,0,0,5
2215,fb4,1,1,5
2220,fb0,1,1,5
2220,fb1,1,1,5
2220,fb2,1,1,5
2220,fb3,0,0,5
2220,fb4,1,1,5
2225,fb0,1,1,5
2225,fb1,1,1,5
2225,fb2,1,1,5
2225,fb3,0,0,5
2225,fb4,1,1,5
2230,fb0,1,0,5
2230,fb1,1,1,5
2230,fb2,1,1,5
2230,fb3,0,0,5
2230,fb4,1,0,5
2235,fb0,1,1,5
2235,fb1,1,1,5
2235,fb2,1,1,5
2235,fb3,0,0,5
2235,fb4,1,1,5
2240,fb0,1,1,5
2240,fb1,1,1,5
2240,fb2,1,1,5
2240,fb3,0,0,5
2240,fb4,1,1,5
2245,fb0,1,1,5
2245,fb1,1,1,5
2245,fb2,1,1,5
2245,fb3,0,0,5
2245,fb4,1,1,5
2250,fb0,1,1,5
2250,fb1,1,1,5
2250,fb2,1,1,5
2250,fb3,0,0,5
2250,fb4,1,1,5
2255,fb0,1,1,5
2255,fb1,1,1,5
2255,fb2,1,1,5
2255,fb3,0,0,5
2255,fb4,1,1,5
2260,fb0,1,1,5
2260,fb1,1,1,5
2260,fb2,1,1,5
2260,fb3,0,0,5
2260,fb4,1,1,5
2265,fb0,1,1,5
2265,fb1,1,1,5
2265,fb2,1,1,5
2265,fb3,0,0,5
2265,fb4,1,1,5
2270,fb0,1,1,5
2270,fb1,1,1,5
2270,fb2,1,1,5
2270,fb3,0,0,5
2270,fb4,1,1,5
2275,fb0,1,1,5
2275,fb1,1,1,5
2275,fb2,1,1,5
2275,fb3,0,0,5
2275,fb4,1,1,5
2280,fb0,1,1,5
2280,fb1,1,1,5
2280,fb2,1,1,5
2280,fb3,0,0,5
2280,fb4,1,1,5
2285,fb0,1,1,5
2285,fb1,1,1,5
2285,fb2,1,1,5
2285,fb3,0,0,5
2285,fb4,1,1,5
2290,fb0,1,1,5
2290,fb1,1,1,5
2290,fb2,1,1,5
2290,fb3,0,0,5
2290,fb4,1,1,5
2295,fb0,1,1,5
2295,fb1,1,1,5
2295,fb2,1,1,5
2295,fb3,0,0,5
2295,fb4,1,1,5
2300,fb0,1,1,5
2300,fb1,1,1,5
2300,fb2,1,1,5
2300,fb3,0,0,5
2300,fb4,1,1,5
2305,fb0,1,1,5
2305,fb1,1,1,5
2305,fb2,1,1,5
2305,fb3,0,0,5
2305,fb4,1,1,5
2310,fb0,1,1,5
2310,fb1,1,1,5
2310,fb2,1,1,5
2310,fb3,0,0,5
2310,fb4,1,1,5
2315,fb0,1,1,5
2315,fb1,1,1,5
2315,fb2,1,1,5
2315,fb3,0,0,5
2315,fb4,1,1,5
2320,fb0,1,1,5
2320,fb1,1,1,5
2320,fb2,1,1,5
2320,fb3,0,0,5
2320,fb4,1,1,5
2325,fb0,1,1,5
2325,fb1,1,0,5
2325,fb2,1,0,5
2325,fb3,0,0,5
2325,fb4,1,1,5
2330,fb0,1,1,5
2330,fb1,1,1,5
2330,fb2,1,1,5
2330,fb3,0,0,5
2330,fb4,1,1,5
2335,fb0,1,1,5
2335,fb1,1,1,5
2335,fb2,1,1,5
2335,fb3,0,0,5
2335,fb4,1,1,5
2340,fb0,1,1,5
2340,fb1,1,1,5
2340,fb2,1,1,5
2340,fb3,0,0,5
2340,fb4,1,1,5
2345,fb0,1,1,5
2345,fb1,1,1,5
2345,fb2,1,1,5
2345,fb3,0,0,5
2345,fb4,1,1,5
2350,fb0,1,1,5
2350,fb1,1,1,5
2350,fb2,1,1,5
2350,fb3,0,0,5
2350,fb4,1,1,5
2355,fb0,1,1,5
2355,fb1,1,1,5
2355,fb2,1,1,5
2355,fb3,0,0,5
2355,fb4,1,1,5
2360,fb0,1,1,5
2360,fb1,1,1,5
2360,fb2,1,1,5
2360,fb3,0,0,5
2360,fb4,1,1,5
2365,fb0,1,1,5
2365,fb1,1,1,5
2365,fb2,1,1,5
2365,fb3,0,0,5
2365,fb4,1,1,5
2370,fb0,1,1,5
2370,fb1,1,1,5
2370,fb2,1,1,5
2370,fb3,0,0,5
2370,fb4,1,1,5
2375,fb0,1,1,5
2375,fb1,1,1,5
2375,fb2,1,1,5
2375,fb3,0,0,5
2375,fb4,1,1,5
2380,fb0,1,1,5
2380,fb1,1,1,5
2380,fb2,1,1,5
2380,fb3,0,0,5
2380,fb4,1,1,5
2385,fb0,1,0,5
2385,fb1,1,1,5
2385,fb2,1,1,5
2385,fb3,0,0,5
2385,fb4,1,0,5
2390,fb0,1,1,5
2390,fb1,1,1,5
2390,fb2,1,1,5
2390,fb3,0,0,5
2390,fb4,1,1,5
2395,fb0,1,1,5
2395,fb1,1,1,5
2395,fb2,1,1,5
2395,fb3,0,0,5
2395,fb4,1,1,5
2400,fb0,1,1,5
2400,fb1,1,1,5
2400,fb2,1,1,5
2400,fb3,0,0,5
2400,fb4,1,1,5
2405,fb0,1,1,5
2405,fb1,1,1,5
2405,fb2,1,1,5
2405,fb3,0,0,5
2405,fb4,1,1,5
2410,fb0,1,1,5
2410,fb1,1,1,5
2410,fb2,1,1,5
2410,fb3,0,0,5
2410,fb4,1,1,5
2415,fb0,1,1,5
2415,fb1,1,1,5
2415,fb2,1,1,5
2415,fb3,0,0,5
2415,fb4,1,1,5
2420,fb0,1,1,5
2420,fb1,1,1,5
2420,fb2,1,1,5
2420,fb3,0,0,5
2420,fb4,1,1,5
2425,fb0,1,1,5
2425,fb1,1,1,5
2425,fb2,1,1,5
2425,fb3,0,0,5
2425,fb4,1,1,5
2430,fb0,1,1,5
2430,fb1,1,1,5
2430,fb2,1,1,5
2430,fb3,0,0,5
2430,fb4,1,1,5
2435,fb0,1,1,5
2435,fb1,1,1,5
2435,fb2,1,1,5
2435,fb3,0,0,5
2435,fb4,1,1,5
2440,fb0,1,1,5
2440,fb1,1,1,5
2440,fb2,1,1,5
2440,fb3,0,0,5
2440,fb4,1,1,5
2445,fb0,1,1,5
2445,fb1,1,1,5
2445,fb2,1,1,5
2445,fb3,0,0,5
2445,fb4,1,1,5
2450,fb0,1,1,5
2450,fb1,1,1,5
2450,fb2,1,1,5
2450,fb3,0,0,5
2450,fb4,1,1,5
2455,fb0,1,1,5
2455,fb1,1,1,5
2455,fb2,1,1,5
2455,fb3,0,0,5
2455,fb4,1,1,5
2460,fb0,1,1,5
2460,fb1,1,1,5
2460,fb2,1,1,5
2460,fb3,0,0,5
2460,fb4,1,1,5
2465,fb0,1,1,5
2465,fb1,1,1,5
2465,fb2,1,1,5
2465,fb3,0,0,5
2465,fb4,1,1,5
2470,fb0,1,1,5
2470,fb1,1,1,5
2470,fb2,1,1,5
2470,fb3,0,0,5
2470,fb4,1,1,5
2475,fb0,1,1,5
2475,fb1,1,1,5
2475,fb2,1,1,5
2475,fb3,0,0,5
2475,fb4,1,1,5
2480,fb0,1,1,5
2480,fb1,1,0,5
2480,fb2,1,0,5
2480,fb3,0,0,5
2480,fb4,1,1,5
2485,fb0,1,1,5
2485,fb1,1,1,5
2485,fb2,1,1,5
2485,fb3,0,0,5
2485,fb4,1,1,5
2490,fb0,1,1,5
2490,fb1,1,1,5
2490,fb2,1,1,5
2490,fb3,0,0,5
2490,fb4,1,1,5
2495,fb0,1,1,5
2495,fb1,1,1,5
2495,fb2,1,1,5
2495,fb3,0,0,5
2495,fb4,1,1,5
2500,fb0,1,1,5
2500,fb1,1,1,5
2500,fb2,1,1,5
2500,fb3,0,0,5
2500,fb4,1,1,5
2505,fb0,1,1,5
2505,fb1,1,1,5
2505,fb2,1,1,5
2505,fb3,0,0,5
2505,fb4,1,1,5
2510,fb0,1,1,5
2510,fb1,1,1,5
2510,fb2,1,1,5
2510,fb3,0,0,5
2510,fb4,1,1,5
2515,fb0,1,1,5
2515,fb1,1,1,5
2515,fb2,1,1,5
2515,fb3,0,0,5
2515,fb4,1,1,5
2520,fb0,1,1,5
2520,fb1,1,1,5
2520,fb2,1,1,5
2520,fb3,0,0,5
2520,fb4,1,1,5
2525,fb0,1,1,5
2525,fb1,1,1,5
2525,fb2,1,1,5
2525,fb3,0,0,5
2525,fb4,1,1,5
2530,fb0,1,1,5
2530,fb1,1,1,5
2530,fb2,1,1,5
2530,fb3,0,0,5
2530,fb4,1,1,5
2535,fb0,1,1,5
2535,fb1,1,1,5
2535,fb2,1,1,5
2535,fb3,0,0,5
2535,fb4,1,1,5
2540,fb0,1,0,5
2540,fb1,1,1,5
2540,fb2,1,1,5
2540,fb3,0,0,5
2540,fb4,1,0,5
2545,fb0,1,1,5
2545,fb1,1,1,5
2545,fb2,1,1,5
2545,fb3,0,0,5
2545,fb4,1,1,5
2550,fb0,1,1,5
2550,fb1,1,1,5
2550,fb2,1,1,5
2550,fb3,0,0,5
2550,fb4,1,1,5
2555,fb0,1,1,5
2555,fb1,1,1,5
2555,fb2,1,1,5
2555,fb3,0,0,5
2555,fb4,1,1,5
2560,fb0,1,1,5
2560,fb1,1,1,5
2560,fb2,1,1,5
2560,fb3,0,0,5
2560,fb4,1,1,5
2565,fb0,1,1,5
2565,fb1,1,1,5
2565,fb2,1,1,5
2565,fb3,0,0,5
2565,fb4,1,1,5
2570,fb0,1,1,5
2570,fb1,1,1,5
2570,fb2,1,1,5
2570,fb3,0,0,5
2570,fb4,1,1,5
2575,fb0,1,1,5
2575,fb1,1,1,5
2575,fb2,1,1,5
2575,fb3,0,0,5
2575,fb4,1,1,5
2580,fb0,1,1,5
2580,fb1,1,1,5
2580,fb2,1,1,5
2580,fb3,0,0,5
2580,fb4,1,1,5
2585,fb0,1,1,5
2585,fb1,1,1,5
2585,fb2,1,1,5
2585,fb3,0,0,5
2585,fb4,1,1,5
2590,fb0,1,1,5
2590,fb1,1,1,5
2590,fb2,1,1,5
2590,fb3,0,0,5
2590,fb4,1,1,5
2595,fb0,1,1,5
2595,fb1,1,1,5
2595,fb2,1,1,5
2595,fb3,0,0,5
2595,fb4,1,1,5
2600,fb0,1,1,5
2600,fb1,1,1,5
2600,fb2,1,1,5
2600,fb3,0,0,5
2600,fb4,1,1,5
2605,fb0,1,1,5
2605,fb1,1,1,5
2605,fb2,1,1,5
2605,fb3,0,0,5
2605,fb4,1,1,5
2610,fb0,1,1,5
2610,fb1,1,1,5
2610,fb2,1,1,5
2610,fb3,0,0,5
2610,fb4,1,1,5
2615,fb0,1,1,5
2615,fb1,1,1,5
2615,fb2,1,1,5
2615,fb3,0,0,5
2615,fb4,1,1,5
2620,fb0,1,1,5
2620,fb1,1,1,5
2620,fb2,1,1,5
2620,fb3,0,0,5
2620,fb4,1,1,5
2625,fb0,1,1,5
2625,fb1,1,1,5
2625,fb2,1,1,5
2625,fb3,0,0,5
2625,fb4,1,1,5
2630,fb0,1,1,5
2630,fb1,1,1,5
2630,fb2,1,1,5
2630,fb3,0,0,5
2630,fb4,1,1,5
2635,fb0,1,1,5
2635,fb1,1,0,5
2635,fb2,1,0,5
2635,fb3,0,0,5
2635,fb4,1,1,5
2640,fb0,1,1,5
2640,fb1,1,1,5
2640,fb2,1,1,5
2640,fb3,0,0,5
2640,fb4,1,1,5
2645,fb0,1,1,5
2645,fb1,1,1,5
2645,fb2,1,1,5
2645,fb3,0,0,5
2645,fb4,1,1,5
2650,fb0,1,1,5
2650,fb1,1,1,5
2650,fb2,1,1,5
2650,fb3,0,0,5
2650,fb4,1,1,5
2655,fb0,1,1,5
2655,fb1,1,1,5
2655,fb2,1,1,5
2655,fb3,0,0,5
2655,fb4,1,1,5
2660,fb0,1,1,5
2660,fb1,1,1,5
2660,fb2,1,1,5
2660,fb3,0,0,5
2660,fb4,1,1,5
2665,fb0,1,1,5
2665,fb1,1,1,5
2665,fb2,1,1,5
2665,fb3,0,0,5
2665,fb4,1,1,5
2670,fb0,1,1,5
2670,fb1,1,1,5
2670,fb2,1,1,5
2670,fb3,0,0,5
2670,fb4,1,1,5
2675,fb0,1,1,5
2675,fb1,1,1,5
2675,fb2,1,1,5
2675,fb3,0,0,5
2675,fb4,1,1,5
2680,fb0,1,1,5
2680,fb1,1,1,5
2680,fb2,1,1,5
2680,fb3,0,0,5
2680,fb4,1,1,5
2685,fb0,1,1,5
2685,fb1,1,1,5
2685,fb2,1,1,5
2685,fb3,0,0,5
2685,fb4,1,1,5
2690,fb0,1,1,5
2690,fb1,1,1,5
2690,fb2,1,1,5
2690,fb3,0,0,5
2690,fb4,1,1,5
2695,fb0,1,0,5
2695,fb1,1,1,5
2695,fb2,1,1,5
2695,fb3,0,0,5
2695,fb4,1,0,5
2700,fb0,1,1,5
2700,fb1,1,1,5
2700,fb2,1,1,5
2700,fb3,0,0,5
2700,fb4,1,1,5
2705,fb0,1,1,5
2705,fb1,1,1,5
2705,fb2,1,1,5
2705,fb3,0,0,5
2705,fb4,1,1,5
2710,fb0,1,1,5
2710,fb1,1,1,5
2710,fb2,1,1,5
2710,fb3,0,0,5
2710,fb4,1,1,5
2715,fb0,1,1,5
2715,fb1,1,1,5
2715,fb2,1,1,5
2715,fb3,0,0,5
2715,fb4,1,1,5
2720,fb0,1,1,5
2720,fb1,1,1,5
2720,fb2,1,1,5
2720,fb3,0,0,5
2720,fb4,1,1,5
2725,fb0,1,1,5
2725,fb1,1,1,5
2725,fb2,1,1,5
2725,fb3,0,0,5
2725,fb4,1,1,5
2730,fb0,1,1,5
2730,fb1,1,1,5
2730,fb2,1,1,5
2730,fb3,0,0,5
2730,fb4,1,1,5
2735,fb0,1,1,5
2735,fb1,1,1,5
2735,fb2,1,1,5
2735,fb3,0,0,5
2735,fb4,1,1,5
2740,fb0,1,1,5
2740,fb1,1,1,5
2740,fb2,1,1,5
2740,fb3,0,0,5
2740,fb4,1,1,5
2745,fb0,1,1,5
2745,fb1,1,1,5
2745,fb2,1,1,5
2745,fb3,0,0,5
2745,fb4,1,1,5
2750,fb0,1,1,5
2750,fb1,1,1,5
2750,fb2,1,1,5
2750,fb3,0,0,5
2750,fb4,1,1,5
2755,fb0,1,1,5
2755,fb1,1,1,5
2755,fb2,1,1,5
2755,fb3,0,0,5
2755,fb4,1,1,5
2760,fb0,1,1,5
2760,fb1,1,1,5
2760,fb2,1,1,5
2760,fb3,0,0,5
2760,fb4,1,1,5
2765,fb0,1,1,5
2765,fb1,1,1,5
2765,fb2,1,1,5
2765,fb3,0,0,5
2765,fb4,1,1,5
2770,fb0,1,1,5
2770,fb1,1,1,5
2770,fb2,1,1,5
2770,fb3,0,0,5
2770,fb4,1,1,5
2775,fb0,1,1,5
2775,fb1,1,1,5
2775,fb2,1,1,5
2775,fb3,0,0,5
2775,fb4,1,1,5
2780,fb0,1,1,5
2780,fb1,1,1,5
2780,fb2,1,1,5
2780,fb3,0,0,5
2780,fb4,1,1,5
2785,fb0,1,1,5
2785,fb1,1,1,5
2785,fb2,1,1,5
2785,fb3,0,0,5
2785,fb4,1,1,5
2790,fb0,1,1,5
2790,fb1,1,0,5
2790,fb2,1,0,5
2790,fb3,0,0,5
2790,fb4,1,1,5
2795,fb0,1,1,5
2795,fb1,1,1,5
2795,fb2,1,1,5
2795,fb3,0,0,5
2795,fb4,1,1,5
2800,fb0,1,1,5
2800,fb1,1,1,5
2800,fb2,1,1,5
2800,fb3,0,0,5
2800,fb4,1,1,5
2805,fb0,1,1,5
2805,fb1,1,1,5
2805,fb2,1,1,5
2805,fb3,0,0,5
2805,fb4,1,1,5
2810,fb0,1,1,5
2810,fb1,1,1,5
2810,fb2,1,1,5
2810,fb3,0,0,5
2810,fb4,1,1,5
2815,fb0,1,1,5
2815,fb1,1,1,5
2815,fb2,1,1,5
2815,fb3,0,0,5
2815,fb4,1,1,5
2820,fb0,1,1,5
2820,fb1,1,1,5
2820,fb2,1,1,5
2820,fb3,0,0,5
2820,fb4,1,1,5
2825,fb0,1,1,5
2825,fb1,1,1,5
2825,fb2,1,1,5
2825,fb3,0,0,5
2825,fb4,1,1,5
2830,fb0,1,1,5
2830,fb1,1,1,5
2830,fb2,1,1,5
2830,fb3,0,0,5
2830,fb4,1,1,5
2835,fb0,1,1,5
2835,fb1,1,1,5
2835,fb2,1,1,5
2835,fb3,0,0,5
2835,fb4,1,1,5
2840,fb0,1,1,5
2840,fb1,1,1,5
2840,fb2,1,1,5
2840,fb3,0,0,5
2840,fb4,1,1,5
2845,fb0,1,1,5
2845,fb1,1,1,5
2845,fb2,1,1,5
2845,fb3,0,0,5
2845,fb4,1,1,5
2850,fb0,1,0,5
2850,fb1,1,1,5
2850,fb2,1,1,5
2850,fb3,0,0,5
2850,fb4,1,0,5
2855,fb0,1,1,5
2855,fb1,1,1,5
2855,fb2,1,1,5
2855,fb3,0,0,5
2855,fb4,1,1,5
2860,fb0,1,1,5
2860,fb1,1,1,5
2860,fb2,1,1,5
2860,fb3,0,0,5
2860,fb4,1,1,5
2865,fb0,1,1,5
2865,fb1,1,1,5
2865,fb2,1,1,5
2865,fb3,0,0,5
2865,fb4,1,1,5
2870,fb0,1,1,5
2870,fb1,1,1,5
2870,fb2,1,1,5
2870,fb3,0,0,5
2870,fb4,1,1,5
2875,fb0,1,1,5
2875,fb1,1,1,5
2875,fb2,1,1,5
2875,fb3,0,0,5
2875,fb4,1,1,5
2880,fb0,1,1,5
2880,fb1,1,1,5
2880,fb2,1,1,5
2880,fb3,0,0,5
2880,fb4,1,1,5
2885,fb0,1,1,5
2885,fb1,1,1,5
2885,fb2,1,1,5
2885,fb3,0,0,5
2885,fb4,1,1,5
2890,fb0,1,1,5
2890,fb1,1,1,5
2890,fb2,1,1,5
2890,fb3,0,0,5
2890,fb4,1,1,5
2895,fb0,1,1,5
2895,fb1,1,1,5
2895,fb2,1,1,5
2895,fb3,0,0,5
2895,fb4,1,1,5
2900,fb0,1,1,5
2900,fb1,1,1,5
2900,fb2,1,1,5
2900,fb3,0,0,5
2900,fb4,1,1,5
2905,fb0,1,1,5
2905,fb1,1,1,5
2905,fb2,1,1,5
2905,fb3,0,0,5
2905,fb4,1,1,5
2910,fb0,1,1,5
2910,fb1,1,1,5
2910,fb2,1,1,5
2910,fb3,0,0,5
2910,fb4,1,1,5
2915,fb0,1,1,5
2915,fb1,1,1,5
2915,fb2,1,1,5
2915,fb3,0,0,5
2915,fb4,1,1,5
2920,fb0,1,1,5
2920,fb1,1,1,5
2920,fb2,1,1,5
2920,fb3,0,0,5
2920,fb4,1,1,5
2925,fb0,1,1,5
2925,fb1,1,1,5
2925,fb2,1,1,5
2925,fb3,0,0,5
2925,fb4,1,1,5
2930,fb0,1,1,5
2930,fb1,1,1,5
2930,fb2,1,1,5
2930,fb3,0,0,5
2930,fb4,1,1,5
2935,fb0,1,1,5
2935,fb1,1,1,5
2935,fb2,1,1,5
2935,fb3,0,0,5
2935,fb4,1,1,5
2940,fb0,1,1,5
2940,fb1,1,1,5
2940,fb2,1,1,5
2940,fb3,0,0,5
2940,fb4,1,1,5
2945,fb0,1,1,5
2945,fb1,1,0,5
2945,fb2,1,0,5
2945,fb3,0,0,5
2945,fb4,1,1,5
2950,fb0,1,1,5
2950,fb1,1,1,5
2950,fb2,1,1,5
2950,fb3,0,0,5
2950,fb4,1,1,5
2955,fb0,1,1,5
2955,fb1,1,1,5
2955,fb2,1,1,5
2955,fb3,0,0,5
2955,fb4,1,1,5
2960,fb0,1,1,5
2960,fb1,1,1,5
2960,fb2,1,1,5
2960,fb3,0,0,5
2960,fb4,1,1,5
2965,fb0,1,1,5
2965,fb1,1,1,5
2965,fb2,1,1,5
2965,fb3,0,0,5
2965,fb4,1,1,5
2970,fb0,1,1,5
2970,fb1,1,1,5
2970,fb2,1,1,5
2970,fb3,0,0,5
2970,fb4,1,1,5
2975,fb0,1,1,5
2975,fb1,1,1,5
2975,fb2,1,1,5
2975,fb3,0,0,5
2975,fb4,1,1,5
2980,fb0,1,1,5
2980,fb1,1,1,5
2980,fb2,1,1,5
2980,fb3,0,0,5
2980,fb4,1,1,5
2985,fb0,1,1,5
2985,fb1,1,1,5
2985,fb2,1,1,5
2985,fb3,0,0,5
2985,fb4,1,1,5
2990,fb0,1,1,5
2990,fb1,1,1,5
2990,fb2,1,1,5
2990,fb3,0,0,5
2990,fb4,1,1,5
2995,fb0,1,1,5
2995,fb1,1,1,5
2995,fb2,1,1,5
2995,fb3,0,0,5
2995,fb4,1,1,5
3000,fb0,1,1,5
3000,fb1,1,1,5
3000,fb2,1,1,5
3000,fb3,0,0,5
3000,fb4,1,1,5
